game_number,elo,depth,time,opponent_elo
0,500.0,1.0,0.13408902775157583,500.0
1,950.0,1.0,0.09794661094402445,1000.0
2,1266.6666666666667,1.0,0.10638977635291315,1500.0
